d,t,uid
0,0,12533
0,1,12800
0,2,11954
0,3,11164
0,4,10573
0,5,10317
0,6,10151
0,7,10044
0,8,10231
0,9,10577
0,10,11782
0,11,13809
0,12,16592
0,13,19324
0,14,22646
0,15,25697
0,16,28429
0,17,31149
0,18,33101
0,19,34673
0,20,36265
0,21,36962
0,22,38360
0,23,39672
0,24,39587
0,25,38704
0,26,37912
0,27,37377
0,28,36973
0,29,36740
0,30,36892
0,31,37076
0,32,38006
0,33,38477
0,34,38672
0,35,37918
0,36,36991
0,37,34478
0,38,31813
0,39,28958
0,40,27083
0,41,25311
0,42,23955
0,43,21800
0,44,20190
0,45,18056
0,46,16205
0,47,14482
1,0,11217
1,1,11373
1,2,10790
1,3,10159
1,4,9920
1,5,9646
1,6,9547
1,7,9612
1,8,10042
1,9,10856
1,10,12570
1,11,15630
1,12,19818
1,13,24638
1,14,29456
1,15,32483
1,16,33332
1,17,34155
1,18,34770
1,19,35747
1,20,37029
1,21,37735
1,22,38471
1,23,38770
1,24,40773
1,25,39073
1,26,38693
1,27,37661
1,28,36915
1,29,36806
1,30,37483
1,31,37710
1,32,38358
1,33,38761
1,34,40388
1,35,40268
1,36,39152
1,37,36000
1,38,32692
1,39,29243
1,40,26863
1,41,24449
1,42,22566
1,43,20687
1,44,19129
1,45,17403
1,46,15890
1,47,14141
2,0,11136
2,1,11588
2,2,11384
2,3,10706
2,4,10443
2,5,10196
2,6,10033
2,7,10072
2,8,10653
2,9,11723
2,10,13978
2,11,18200
2,12,24590
2,13,32755
2,14,42210
2,15,49638
2,16,50593
2,17,47202
2,18,42997
2,19,41571
2,20,41384
2,21,41398
2,22,41181
2,23,42013
2,24,46446
2,25,44568
2,26,43929
2,27,41975
2,28,40837
2,29,41553
2,30,42857
2,31,42971
2,32,43396
2,33,43755
2,34,46496
2,35,47287
2,36,46642
2,37,43469
2,38,40081
2,39,35669
2,40,32115
2,41,28974
2,42,26143
2,43,23390
2,44,21102
2,45,18703
2,46,16745
2,47,14724
3,0,11493
3,1,11939
3,2,11329
3,3,10801
3,4,10551
3,5,10264
3,6,10235
3,7,10398
3,8,10908
3,9,11915
3,10,14191
3,11,17901
3,12,24024
3,13,32447
3,14,41549
3,15,48460
3,16,49551
3,17,46836
3,18,42995
3,19,41786
3,20,41275
3,21,41195
3,22,41507
3,23,41933
3,24,46375
3,25,44546
3,26,44160
3,27,41937
3,28,41117
3,29,41774
3,30,42613
3,31,43341
3,32,43665
3,33,43609
3,34,46519
3,35,47786
3,36,47419
3,37,43739
3,38,40045
3,39,35184
3,40,31647
3,41,28930
3,42,26738
3,43,24016
3,44,21683
3,45,19149
3,46,17246
3,47,15359
4,0,11878
4,1,12367
4,2,11627
4,3,11307
4,4,11038
4,5,10678
4,6,10733
4,7,10921
4,8,11468
4,9,12394
4,10,14478
4,11,18388
4,12,24592
4,13,32689
4,14,41846
4,15,48604
4,16,50050
4,17,47418
4,18,43094
4,19,42032
4,20,41775
4,21,41574
4,22,41644
4,23,42242
4,24,46793
4,25,45109
4,26,45406
4,27,43325
4,28,43189
4,29,42578
4,30,43896
4,31,44008
4,32,44357
4,33,44343
4,34,48389
4,35,49073
4,36,47737
4,37,43912
4,38,40615
4,39,36698
4,40,33769
4,41,31125
4,42,28383
4,43,24970
4,44,22416
4,45,19884
4,46,17443
4,47,15530
5,0,11918
5,1,12495
5,2,11636
5,3,11148
5,4,11113
5,5,10632
5,6,10730
5,7,10907
5,8,11461
5,9,12362
5,10,14606
5,11,18678
5,12,24982
5,13,33176
5,14,42180
5,15,48905
5,16,50426
5,17,47798
5,18,44002
5,19,42461
5,20,42512
5,21,42658
5,22,42717
5,23,43512
5,24,47375
5,25,45576
5,26,45454
5,27,43413
5,28,42473
5,29,43252
5,30,44177
5,31,45189
5,32,46051
5,33,46316
5,34,49036
5,35,50055
5,36,49148
5,37,46026
5,38,42241
5,39,37240
5,40,33591
5,41,30358
5,42,27882
5,43,26126
5,44,24170
5,45,21637
5,46,19226
5,47,17242
6,0,13413
6,1,13539
6,2,12436
6,3,11815
6,4,11414
6,5,10935
6,6,10843
6,7,10863
6,8,10977
6,9,11808
6,10,13124
6,11,15621
6,12,19257
6,13,23507
6,14,28125
6,15,31920
6,16,35028
6,17,37135
6,18,37987
6,19,39040
6,20,39762
6,21,40429
6,22,41180
6,23,41726
6,24,42930
6,25,41573
6,26,41282
6,27,39849
6,28,39447
6,29,39362
6,30,39601
6,31,40174
6,32,40392
6,33,40761
6,34,41557
6,35,41087
6,36,39321
6,37,35971
6,38,32656
6,39,29530
6,40,27606
6,41,26467
6,42,25435
6,43,23173
6,44,21495
6,45,19301
6,46,17644
6,47,15687
7,0,11953
7,1,12479
7,2,11602
7,3,10881
7,4,10521
7,5,9758
7,6,9621
7,7,9471
7,8,9686
7,9,10146
7,10,11225
7,11,13110
7,12,15877
7,13,18607
7,14,21994
7,15,25006
7,16,27883
7,17,30776
7,18,33093
7,19,34901
7,20,36872
7,21,38210
7,22,39006
7,23,39925
7,24,40013
7,25,39356
7,26,38735
7,27,37934
7,28,38042
7,29,37606
7,30,37742
7,31,37761
7,32,37799
7,33,37858
7,34,37520
7,35,36822
7,36,34800
7,37,32476
7,38,29489
7,39,27073
7,40,25706
7,41,23777
7,42,22249
7,43,20332
7,44,19199
7,45,17471
7,46,16017
7,47,14575
8,0,11733
8,1,12179
8,2,11451
8,3,10842
8,4,10431
8,5,10009
8,6,9974
8,7,10248
8,8,10520
8,9,11540
8,10,12903
8,11,15753
8,12,19736
8,13,24007
8,14,28774
8,15,31936
8,16,33021
8,17,33870
8,18,34548
8,19,35232
8,20,36857
8,21,38103
8,22,38535
8,23,38996
8,24,40816
8,25,39602
8,26,39344
8,27,38577
8,28,38200
8,29,38364
8,30,38723
8,31,39077
8,32,39662
8,33,40057
8,34,41052
8,35,40537
8,36,38697
8,37,35850
8,38,32476
8,39,29436
8,40,27047
8,41,24560
8,42,23033
8,43,21215
8,44,19860
8,45,18007
8,46,16496
8,47,14683
9,0,11641
9,1,12044
9,2,11532
9,3,10989
9,4,10699
9,5,10454
9,6,10460
9,7,10621
9,8,11259
9,9,12444
9,10,14649
9,11,18821
9,12,25460
9,13,33989
9,14,44429
9,15,51591
9,16,52400
9,17,48965
9,18,44977
9,19,43506
9,20,42982
9,21,42913
9,22,42888
9,23,43902
9,24,48001
9,25,46339
9,26,45632
9,27,43570
9,28,42591
9,29,43227
9,30,44427
9,31,44651
9,32,45234
9,33,45063
9,34,47594
9,35,48418
9,36,47544
9,37,43993
9,38,40221
9,39,35992
9,40,32390
9,41,29092
9,42,26966
9,43,24502
9,44,22921
9,45,20097
9,46,17857
9,47,15783
10,0,12282
10,1,12706
10,2,11966
10,3,11264
10,4,11164
10,5,10691
10,6,10969
10,7,10899
10,8,11430
10,9,12342
10,10,14765
10,11,18958
10,12,25319
10,13,33571
10,14,42922
10,15,49683
10,16,51043
10,17,48177
10,18,44317
10,19,42984
10,20,42691
10,21,42987
10,22,42831
10,23,43986
10,24,47784
10,25,46014
10,26,45775
10,27,43840
10,28,42815
10,29,43298
10,30,44349
10,31,44672
10,32,45258
10,33,45444
10,34,48463
10,35,49910
10,36,48878
10,37,45253
10,38,41088
10,39,36216
10,40,32859
10,41,29512
10,42,27243
10,43,24535
10,44,22528
10,45,19784
10,46,17824
10,47,15694
11,0,12240
11,1,12589
11,2,12039
11,3,11250
11,4,10878
11,5,10639
11,6,10622
11,7,11029
11,8,11414
11,9,12561
11,10,14843
11,11,18961
11,12,25371
11,13,33745
11,14,43849
11,15,50437
11,16,51806
11,17,48539
11,18,44818
11,19,43245
11,20,42647
11,21,42769
11,22,42806
11,23,43605
11,24,47945
11,25,46260
11,26,45915
11,27,43429
11,28,42335
11,29,43122
11,30,44335
11,31,44891
11,32,45365
11,33,45442
11,34,47883
11,35,48922
11,36,47841
11,37,44615
11,38,40722
11,39,36607
11,40,33133
11,41,29972
11,42,27439
11,43,25010
11,44,22861
11,45,19758
11,46,17664
11,47,15748
12,0,12287
12,1,12648
12,2,12067
12,3,11550
12,4,11163
12,5,10977
12,6,10958
12,7,11268
12,8,11588
12,9,12680
12,10,14982
12,11,18969
12,12,25101
12,13,33299
12,14,42483
12,15,49182
12,16,50765
12,17,48417
12,18,44422
12,19,43338
12,20,42876
12,21,43307
12,22,42969
12,23,43594
12,24,48106
12,25,46649
12,26,45765
12,27,44214
12,28,43451
12,29,43949
12,30,45173
12,31,45606
12,32,46295
12,33,46708
12,34,49374
12,35,50534
12,36,49744
12,37,46307
12,38,42208
12,39,37938
12,40,34289
12,41,31301
12,42,29381
12,43,26558
12,44,24533
12,45,21770
12,46,19430
12,47,17305
13,0,13552
13,1,13645
13,2,12927
13,3,12112
13,4,11490
13,5,11030
13,6,11024
13,7,11064
13,8,11389
13,9,11929
13,10,13433
13,11,16255
13,12,20140
13,13,24434
13,14,29365
13,15,33169
13,16,36390
13,17,39189
13,18,39705
13,19,40700
13,20,41589
13,21,42633
13,22,42901
13,23,43525
13,24,44757
13,25,43293
13,26,42775
13,27,41663
13,28,40961
13,29,40644
13,30,40803
13,31,40886
13,32,41063
13,33,41469
13,34,42446
13,35,41731
13,36,40840
13,37,37859
13,38,34910
13,39,31152
13,40,28934
13,41,27131
13,42,25980
13,43,23779
13,44,22367
13,45,19674
13,46,17812
13,47,16310
14,0,12466
14,1,12775
14,2,11932
14,3,11267
14,4,10716
14,5,10241
14,6,10106
14,7,10014
14,8,9955
14,9,10416
14,10,11322
14,11,13047
14,12,15728
14,13,18512
14,14,21855
14,15,24686
14,16,27741
14,17,30886
14,18,33004
14,19,35293
14,20,37018
14,21,38366
14,22,39024
14,23,39663
14,24,40348
14,25,39579
14,26,38867
14,27,38591
14,28,38585
14,29,38195
14,30,38535
14,31,38899
14,32,39628
14,33,40244
14,34,40273
14,35,39347
14,36,37081
14,37,33695
14,38,30795
14,39,28387
14,40,26499
14,41,24379
14,42,22699
14,43,20698
14,44,19257
14,45,17438
14,46,15767
14,47,14119
15,0,11024
15,1,11598
15,2,10969
15,3,10555
15,4,10084
15,5,9983
15,6,10103
15,7,10265
15,8,10885
15,9,11964
15,10,14332
15,11,18338
15,12,24785
15,13,33134
15,14,42291
15,15,49212
15,16,50540
15,17,47996
15,18,44331
15,19,43223
15,20,43606
15,21,43616
15,22,43604
15,23,44286
15,24,48589
15,25,46539
15,26,46443
15,27,44603
15,28,43790
15,29,44169
15,30,45160
15,31,45511
15,32,45748
15,33,45947
15,34,48573
15,35,49338
15,36,48716
15,37,45472
15,38,41800
15,39,37610
15,40,33842
15,41,30483
15,42,27780
15,43,25217
15,44,22688
15,45,20384
15,46,18499
15,47,16804
16,0,13200
16,1,13630
16,2,12602
16,3,12128
16,4,11628
16,5,11331
16,6,11429
16,7,11519
16,8,12046
16,9,13206
16,10,15397
16,11,19351
16,12,25703
16,13,34266
16,14,44935
16,15,52371
16,16,53759
16,17,49544
16,18,45162
16,19,43444
16,20,43093
16,21,43015
16,22,43070
16,23,43637
16,24,48364
16,25,46628
16,26,45709
16,27,44004
16,28,42681
16,29,43185
16,30,44204
16,31,44451
16,32,45147
16,33,45319
16,34,47845
16,35,48671
16,36,47619
16,37,44189
16,38,41088
16,39,37581
16,40,33920
16,41,30719
16,42,27499
16,43,25121
16,44,22650
16,45,19801
16,46,17690
16,47,15865
17,0,12398
17,1,12882
17,2,12293
17,3,11614
17,4,11300
17,5,11067
17,6,11149
17,7,11078
17,8,11537
17,9,12579
17,10,14961
17,11,18855
17,12,25085
17,13,33836
17,14,43310
17,15,50352
17,16,52559
17,17,49625
17,18,45618
17,19,43292
17,20,43366
17,21,42942
17,22,42400
17,23,43245
17,24,48093
17,25,46176
17,26,45937
17,27,43752
17,28,43589
17,29,45013
17,30,46056
17,31,45103
17,32,45456
17,33,44996
17,34,47852
17,35,48883
17,36,47983
17,37,44384
17,38,39961
17,39,35509
17,40,31930
17,41,28810
17,42,26534
17,43,24100
17,44,22067
17,45,19458
17,46,17510
17,47,15697
18,0,12071
18,1,12710
18,2,12030
18,3,11335
18,4,11173
18,5,10862
18,6,10858
18,7,11022
18,8,11592
18,9,12727
18,10,14966
18,11,18992
18,12,25273
18,13,33660
18,14,43189
18,15,50511
18,16,51944
18,17,48657
18,18,44202
18,19,42757
18,20,42909
18,21,42722
18,22,42728
18,23,43537
18,24,47685
18,25,46023
18,26,45596
18,27,43792
18,28,42529
18,29,43225
18,30,44067
18,31,44478
18,32,44961
18,33,44718
18,34,47113
18,35,47748
18,36,46759
18,37,43001
18,38,39878
18,39,35532
18,40,32434
18,41,29747
18,42,27564
18,43,25018
18,44,22907
18,45,20345
18,46,18570
18,47,16730
19,0,13179
19,1,13721
19,2,12913
19,3,12145
19,4,11790
19,5,11548
19,6,11732
19,7,11818
19,8,12252
19,9,13071
19,10,15281
19,11,18935
19,12,25140
19,13,33841
19,14,43313
19,15,50400
19,16,51902
19,17,49237
19,18,45030
19,19,43665
19,20,43661
19,21,43550
19,22,43458
19,23,43938
19,24,48519
19,25,46637
19,26,46402
19,27,44019
19,28,43124
19,29,44110
19,30,44912
19,31,45321
19,32,46051
19,33,46379
19,34,49346
19,35,50761
19,36,49811
19,37,46069
19,38,42022
19,39,37654
19,40,34133
19,41,31207
19,42,29036
19,43,26634
19,44,24311
19,45,21525
19,46,19313
19,47,17158
20,0,13237
20,1,13514
20,2,12821
20,3,12073
20,4,11724
20,5,11240
20,6,11024
20,7,10942
20,8,11308
20,9,12021
20,10,13609
20,11,16315
20,12,20160
20,13,24493
20,14,29362
20,15,33247
20,16,36813
20,17,38719
20,18,39373
20,19,40326
20,20,41401
20,21,41513
20,22,41958
20,23,42722
20,24,44160
20,25,42016
20,26,41904
20,27,40683
20,28,40005
20,29,39932
20,30,39940
20,31,40057
20,32,40987
20,33,41819
20,34,43026
20,35,42483
20,36,40500
20,37,37251
20,38,33887
20,39,30281
20,40,27867
20,41,25697
20,42,24238
20,43,24615
20,44,22486
20,45,20452
20,46,18046
20,47,16288
21,0,12363
21,1,12546
21,2,11867
21,3,11260
21,4,10795
21,5,10288
21,6,9990
21,7,9734
21,8,9984
21,9,10554
21,10,11769
21,11,13704
21,12,16453
21,13,19310
21,14,22825
21,15,26230
21,16,29213
21,17,32312
21,18,34163
21,19,35967
21,20,37396
21,21,38176
21,22,38984
21,23,39472
21,24,40042
21,25,39263
21,26,38689
21,27,38069
21,28,37706
21,29,38084
21,30,38004
21,31,38402
21,32,39089
21,33,39419
21,34,39713
21,35,38316
21,36,35676
21,37,32673
21,38,30017
21,39,27401
21,40,25725
21,41,24388
21,42,22832
21,43,20847
21,44,18828
21,45,17120
21,46,15451
21,47,13678
22,0,10698
22,1,11290
22,2,10864
22,3,10131
22,4,9889
22,5,9731
22,6,9848
22,7,9852
22,8,10610
22,9,11922
22,10,14192
22,11,18130
22,12,24587
22,13,33523
22,14,43122
22,15,50471
22,16,51639
22,17,48298
22,18,44456
22,19,43024
22,20,42798
22,21,42729
22,22,42584
22,23,44480
22,24,48395
22,25,46400
22,26,46009
22,27,43739
22,28,42970
22,29,43603
22,30,44337
22,31,44509
22,32,44986
22,33,44672
22,34,47008
22,35,47928
22,36,46539
22,37,42901
22,38,39407
22,39,34916
22,40,31226
22,41,28222
22,42,25754
22,43,23371
22,44,21445
22,45,19102
22,46,17272
22,47,15384
23,0,12088
23,1,12480
23,2,11848
23,3,11285
23,4,11054
23,5,10876
23,6,11064
23,7,11002
23,8,11579
23,9,12719
23,10,15032
23,11,18671
23,12,25287
23,13,33846
23,14,43620
23,15,51428
23,16,52537
23,17,49305
23,18,44808
23,19,43411
23,20,43077
23,21,43087
23,22,42876
23,23,43528
23,24,47600
23,25,45739
23,26,45584
23,27,43511
23,28,42490
23,29,43228
23,30,44267
23,31,44820
23,32,45142
23,33,45423
23,34,47626
23,35,48794
23,36,47609
23,37,44129
23,38,41286
23,39,36490
23,40,33087
23,41,29209
23,42,26829
23,43,23704
23,44,21717
23,45,19154
23,46,17334
23,47,15378
24,0,11710
24,1,12163
24,2,11559
24,3,11037
24,4,10756
24,5,10563
24,6,10717
24,7,10747
24,8,11260
24,9,12232
24,10,14395
24,11,18374
24,12,24859
24,13,33640
24,14,43932
24,15,50809
24,16,52036
24,17,48736
24,18,44785
24,19,43412
24,20,43214
24,21,43030
24,22,43038
24,23,43587
24,24,48055
24,25,46320
24,26,46309
24,27,44059
24,28,43300
24,29,44071
24,30,45126
24,31,45619
24,32,46415
24,33,46311
24,34,48713
24,35,50024
24,36,48597
24,37,45248
24,38,41438
24,39,36616
24,40,32224
24,41,28946
24,42,26500
24,43,23860
24,44,21801
24,45,19957
24,46,18383
24,47,16604
25,0,12313
25,1,12808
25,2,11978
25,3,11094
25,4,10616
25,5,11022
25,6,10773
25,7,10781
25,8,11259
25,9,12451
25,10,14743
25,11,18672
25,12,25047
25,13,33738
25,14,43282
25,15,50483
25,16,51820
25,17,48768
25,18,44697
25,19,43654
25,20,43188
25,21,43296
25,22,43060
25,23,43729
25,24,48063
25,25,46445
25,26,46365
25,27,44222
25,28,43456
25,29,44053
25,30,45142
25,31,45571
25,32,46134
25,33,46441
25,34,48815
25,35,49715
25,36,48429
25,37,45939
25,38,42035
25,39,37830
25,40,33446
25,41,30235
25,42,27876
25,43,24964
25,44,23267
25,45,20584
25,46,18744
25,47,16067
26,0,12439
26,1,12864
26,2,12005
26,3,11213
26,4,11238
26,5,10941
26,6,10908
26,7,10895
26,8,11506
26,9,12528
26,10,14739
26,11,18765
26,12,25032
26,13,33657
26,14,43464
26,15,50457
26,16,52071
26,17,49346
26,18,45441
26,19,44480
26,20,44186
26,21,45055
26,22,45710
26,23,47035
26,24,50234
26,25,49022
26,26,48383
26,27,46888
26,28,44720
26,29,46024
26,30,46948
26,31,47291
26,32,47535
26,33,48189
26,34,51186
26,35,52894
26,36,51795
26,37,48768
26,38,44641
26,39,39927
26,40,35941
26,41,32343
26,42,30020
26,43,27126
26,44,24809
26,45,22096
26,46,19739
26,47,17737
27,0,13907
27,1,14258
27,2,13323
27,3,12504
27,4,12255
27,5,11716
27,6,11414
27,7,11325
27,8,11599
27,9,12492
27,10,13283
27,11,14689
27,12,17133
27,13,19436
27,14,22837
27,15,24031
27,16,25620
27,17,26431
27,18,27860
27,19,29192
27,20,29782
27,21,29292
27,22,28731
27,23,28541
27,24,28223
27,25,26368
27,26,25055
27,27,23383
27,28,22862
27,29,22002
27,30,21794
27,31,22999
27,32,23136
27,33,22791
27,34,23126
27,35,22332
27,36,22315
27,37,20785
27,38,21052
27,39,19802
27,40,20223
27,41,18872
27,42,18609
27,43,17321
27,44,16665
27,45,15636
27,46,15051
27,47,14112
28,0,11041
28,1,12047
28,2,11228
28,3,10796
28,4,10475
28,5,10180
28,6,10080
28,7,9898
28,8,10350
28,9,10785
28,10,11883
28,11,13855
28,12,17028
28,13,20250
28,14,24431
28,15,27219
28,16,30310
28,17,33314
28,18,35931
28,19,38357
28,20,39542
28,21,40501
28,22,41608
28,23,42132
28,24,42732
28,25,41710
28,26,41587
28,27,40495
28,28,40739
28,29,40239
28,30,40071
28,31,40205
28,32,41011
28,33,40961
28,34,41249
28,35,40366
28,36,37924
28,37,35317
28,38,31839
28,39,28717
28,40,25565
28,41,24311
28,42,22090
28,43,21942
28,44,21221
28,45,19284
28,46,17079
28,47,15547
29,0,11685
29,1,12389
29,2,11681
29,3,11012
29,4,10735
29,5,10340
29,6,10120
29,7,10296
29,8,10723
29,9,11560
29,10,13398
29,11,16335
29,12,20894
29,13,26065
29,14,31261
29,15,34232
29,16,35814
29,17,36819
29,18,37545
29,19,38305
29,20,39607
29,21,40097
29,22,40875
29,23,41123
29,24,42923
29,25,41590
29,26,41134
29,27,40240
29,28,40914
29,29,40546
29,30,40757
29,31,39660
29,32,40219
29,33,39710
29,34,41252
29,35,40005
29,36,37980
29,37,34730
29,38,31946
29,39,28946
29,40,26636
29,41,24676
29,42,22807
29,43,21250
29,44,19706
29,45,18053
29,46,16801
29,47,14916
30,0,11960
30,1,12554
30,2,11889
30,3,11376
30,4,11114
30,5,10796
30,6,10642
30,7,10776
30,8,11401
30,9,12447
30,10,14852
30,11,18919
30,12,25898
30,13,34938
30,14,45016
30,15,52519
30,16,53430
30,17,49928
30,18,45769
30,19,44274
30,20,43935
30,21,43739
30,22,43885
30,23,44675
30,24,49084
30,25,46972
30,26,46933
30,27,44836
30,28,43805
30,29,44699
30,30,45947
30,31,46473
30,32,47452
30,33,47469
30,34,49780
30,35,50128
30,36,48364
30,37,45077
30,38,41264
30,39,36567
30,40,33012
30,41,29708
30,42,27229
30,43,24190
30,44,22157
30,45,19572
30,46,17782
30,47,15856
31,0,12615
31,1,12988
31,2,12127
31,3,11467
31,4,11460
31,5,11039
31,6,10967
31,7,11071
31,8,11693
31,9,12711
31,10,14922
31,11,18692
31,12,25397
31,13,34248
31,14,43990
31,15,51091
31,16,52045
31,17,49214
31,18,45433
31,19,44264
31,20,44091
31,21,43791
31,22,43867
31,23,44776
31,24,48625
31,25,47004
31,26,46466
31,27,44338
31,28,43549
31,29,44226
31,30,45110
31,31,45674
31,32,46317
31,33,46402
31,34,49590
31,35,50396
31,36,48999
31,37,45410
31,38,40863
31,39,36930
31,40,33137
31,41,30304
31,42,27710
31,43,24661
31,44,22188
31,45,19583
31,46,17711
31,47,15808
32,0,12362
32,1,12622
32,2,12140
32,3,11431
32,4,11248
32,5,10953
32,6,11079
32,7,11142
32,8,11673
32,9,12834
32,10,14905
32,11,18838
32,12,25485
32,13,34365
32,14,43927
32,15,51012
32,16,52532
32,17,49310
32,18,45410
32,19,44031
32,20,43651
32,21,43600
32,22,43589
32,23,44278
32,24,49301
32,25,47354
32,26,47146
32,27,44456
32,28,43901
32,29,44297
32,30,45432
32,31,45492
32,32,46367
32,33,46294
32,34,49079
32,35,49991
32,36,48776
32,37,45324
32,38,41194
32,39,36416
32,40,33214
32,41,29856
32,42,27287
32,43,24745
32,44,22504
32,45,20138
32,46,17987
32,47,16045
33,0,12542
33,1,12804
33,2,12199
33,3,11713
33,4,11496
33,5,11128
33,6,11056
33,7,11351
33,8,11910
33,9,12917
33,10,15088
33,11,18742
33,12,25114
33,13,33863
33,14,43449
33,15,50797
33,16,52260
33,17,49726
33,18,45699
33,19,44648
33,20,44274
33,21,44317
33,22,44409
33,23,44778
33,24,48543
33,25,46948
33,26,46837
33,27,44798
33,28,44222
33,29,46022
33,30,46866
33,31,46936
33,32,46444
33,33,46602
33,34,49418
33,35,50473
33,36,50345
33,37,46775
33,38,42425
33,39,37664
33,40,34463
33,41,31781
33,42,29400
33,43,26870
33,44,24853
33,45,22597
33,46,20723
33,47,18524
34,0,14233
34,1,14504
34,2,13415
34,3,12522
34,4,12115
34,5,11611
34,6,11507
34,7,11428
34,8,11446
34,9,12051
34,10,13437
34,11,15891
34,12,19827
34,13,24478
34,14,29223
34,15,32778
34,16,35658
34,17,37719
34,18,38602
34,19,39999
34,20,40739
34,21,41336
34,22,41988
34,23,42844
34,24,43598
34,25,42358
34,26,41890
34,27,40381
34,28,40012
34,29,39898
34,30,40165
34,31,40498
34,32,41374
34,33,41731
34,34,42360
34,35,41000
34,36,39119
34,37,36011
34,38,32939
34,39,29673
34,40,27947
34,41,26163
34,42,24945
34,43,23168
34,44,21941
34,45,19529
34,46,17607
34,47,16142
35,0,12604
35,1,12822
35,2,12015
35,3,11320
35,4,10865
35,5,10530
35,6,10291
35,7,10361
35,8,10605
35,9,11005
35,10,12032
35,11,14112
35,12,17461
35,13,20686
35,14,24514
35,15,27720
35,16,30944
35,17,33614
35,18,35858
35,19,37367
35,20,38771
35,21,39981
35,22,40572
35,23,41044
35,24,41273
35,25,40402
35,26,39986
35,27,39903
35,28,39695
35,29,39685
35,30,39917
35,31,40370
35,32,41040
35,33,41468
35,34,41301
35,35,39052
35,36,36166
35,37,32901
35,38,30004
35,39,26771
35,40,24932
35,41,22814
35,42,22254
35,43,21495
35,44,20059
35,45,18078
35,46,16448
35,47,14635
36,0,11426
36,1,11768
36,2,11084
36,3,10679
36,4,10248
36,5,10013
36,6,10093
36,7,10271
36,8,10689
36,9,11514
36,10,13542
36,11,17066
36,12,22938
36,13,30856
36,14,38800
36,15,45383
36,16,47384
36,17,45810
36,18,43352
36,19,42658
36,20,42506
36,21,42612
36,22,43177
36,23,43959
36,24,47332
36,25,45861
36,26,45961
36,27,44144
36,28,43388
36,29,43636
36,30,44335
36,31,44787
36,32,44920
36,33,45260
36,34,46973
36,35,47386
36,36,45858
36,37,42297
36,38,38002
36,39,33762
36,40,30290
36,41,27548
36,42,25959
36,43,23910
36,44,22534
36,45,20166
36,46,17967
36,47,16161
37,0,12390
37,1,12663
37,2,12008
37,3,11347
37,4,10892
37,5,10477
37,6,10377
37,7,10480
37,8,10658
37,9,11111
37,10,12191
37,11,14445
37,12,17766
37,13,21715
37,14,26015
37,15,28850
37,16,31155
37,17,32989
37,18,34945
37,19,36219
37,20,37962
37,21,38635
37,22,40004
37,23,40240
37,24,41605
37,25,40347
37,26,40737
37,27,40610
37,28,40514
37,29,40207
37,30,40432
37,31,40362
37,32,40807
37,33,41619
37,34,42170
37,35,40580
37,36,37880
37,37,34378
37,38,31486
37,39,28310
37,40,26311
37,41,24272
37,42,22914
37,43,20871
37,44,19680
37,45,17758
37,46,15947
37,47,14439
38,0,11424
38,1,11937
38,2,11395
38,3,11069
38,4,10733
38,5,10485
38,6,10633
38,7,10804
38,8,11264
38,9,12456
38,10,14722
38,11,18929
38,12,25536
38,13,34650
38,14,44179
38,15,51031
38,16,52462
38,17,49498
38,18,45420
38,19,44387
38,20,44190
38,21,43959
38,22,43914
38,23,44451
38,24,49007
38,25,47075
38,26,46992
38,27,44727
38,28,43478
38,29,44278
38,30,45355
38,31,45843
38,32,46438
38,33,46586
38,34,49341
38,35,49801
38,36,48599
38,37,44796
38,38,40641
38,39,35937
38,40,32446
38,41,29229
38,42,26917
38,43,25068
38,44,22920
38,45,20420
38,46,17900
38,47,16224
39,0,12702
39,1,13284
39,2,12517
39,3,12076
39,4,11811
39,5,11433
39,6,11517
39,7,11373
39,8,12029
39,9,13066
39,10,15320
39,11,19188
39,12,25775
39,13,34138
39,14,43650
39,15,50984
39,16,52260
39,17,49417
39,18,45130
39,19,43906
39,20,43494
39,21,43597
39,22,43388
39,23,44097
39,24,48423
39,25,46624
39,26,46395
39,27,44588
39,28,43302
39,29,43866
39,30,44897
39,31,45145
39,32,45510
39,33,45981
39,34,48144
39,35,48198
39,36,46780
39,37,43256
39,38,39970
39,39,35783
39,40,32501
39,41,29153
39,42,27193
39,43,24042
39,44,22456
39,45,19689
39,46,17626
39,47,15871
40,0,12420
40,1,12893
40,2,12532
40,3,12086
40,4,11603
40,5,11298
40,6,11228
40,7,11331
40,8,11933
40,9,12790
40,10,14820
40,11,18700
40,12,24848
40,13,33027
40,14,42893
40,15,50435
40,16,51919
40,17,50238
40,18,46017
40,19,45055
40,20,43365
40,21,43903
40,22,43941
40,23,44334
40,24,47428
40,25,45596
40,26,45382
40,27,43619
40,28,42469
40,29,43139
40,30,44303
40,31,45112
40,32,45564
40,33,46051
40,34,48860
40,35,50260
40,36,48979
40,37,45395
40,38,41773
40,39,37149
40,40,33880
40,41,30851
40,42,28751
40,43,26215
40,44,24009
40,45,21319
40,46,19134
40,47,17158
41,0,13165
41,1,13429
41,2,12610
41,3,11972
41,4,11282
41,5,11008
41,6,10800
41,7,10700
41,8,11085
41,9,11726
41,10,13138
41,11,15748
41,12,19782
41,13,24226
41,14,28936
41,15,32883
41,16,35546
41,17,37914
41,18,38579
41,19,39416
41,20,40433
41,21,41974
41,22,42494
41,23,43376
41,24,44032
41,25,42488
41,26,42601
41,27,41121
41,28,40336
41,29,40168
41,30,40352
41,31,40586
41,32,41390
41,33,41894
41,34,42785
41,35,41752
41,36,39118
41,37,35935
41,38,33208
41,39,30038
41,40,28203
41,41,26366
41,42,24845
41,43,22710
41,44,21399
41,45,19233
41,46,17626
41,47,15803
42,0,12201
42,1,12492
42,2,11813
42,3,11069
42,4,10538
42,5,10154
42,6,9935
42,7,9758
42,8,9968
42,9,10437
42,10,11246
42,11,13105
42,12,16224
42,13,19305
42,14,22982
42,15,26177
42,16,29051
42,17,32102
42,18,34406
42,19,35735
42,20,37269
42,21,38412
42,22,39149
42,23,39950
42,24,40587
42,25,39251
42,26,39204
42,27,38865
42,28,38518
42,29,38833
42,30,38701
42,31,38735
42,32,39517
42,33,40165
42,34,40297
42,35,38025
42,36,34860
42,37,31718
42,38,29298
42,39,26758
42,40,25593
42,41,23305
42,42,21747
42,43,19826
42,44,18793
42,45,18250
42,46,16444
42,47,14752
43,0,11256
43,1,11761
43,2,11007
43,3,10122
43,4,10116
43,5,10010
43,6,9863
43,7,9995
43,8,10758
43,9,11844
43,10,14046
43,11,17932
43,12,24447
43,13,32883
43,14,42400
43,15,49306
43,16,50578
43,17,47745
43,18,43810
43,19,42424
43,20,42717
43,21,42768
43,22,42332
43,23,43189
43,24,47214
43,25,45485
43,26,45618
43,27,43437
43,28,42436
43,29,42933
43,30,44848
43,31,45476
43,32,46316
43,33,45786
43,34,48000
43,35,48399
43,36,46515
43,37,44013
43,38,40158
43,39,35988
43,40,31646
43,41,28590
43,42,25764
43,43,23245
43,44,21281
43,45,18758
43,46,17080
43,47,15429
44,0,11883
44,1,12262
44,2,11944
44,3,11249
44,4,11023
44,5,10791
44,6,10862
44,7,10901
44,8,11540
44,9,12353
44,10,14523
44,11,18056
44,12,24208
44,13,32513
44,14,41871
44,15,49109
44,16,50732
44,17,48256
44,18,43982
44,19,42331
44,20,42124
44,21,42142
44,22,43191
44,23,43787
44,24,47324
44,25,44895
44,26,44687
44,27,42451
44,28,41439
44,29,42336
44,30,43358
44,31,43678
44,32,44466
44,33,44229
44,34,46732
44,35,47487
44,36,45945
44,37,42881
44,38,39326
44,39,35370
44,40,31958
44,41,28646
44,42,26239
44,43,23401
44,44,21456
44,45,18920
44,46,16926
44,47,15171
45,0,11715
45,1,12077
45,2,11559
45,3,10887
45,4,10543
45,5,10405
45,6,10452
45,7,10638
45,8,11078
45,9,11995
45,10,14248
45,11,17747
45,12,24086
45,13,32407
45,14,42721
45,15,49496
45,16,50760
45,17,47196
45,18,43356
45,19,41717
45,20,41594
45,21,41607
45,22,41612
45,23,42234
45,24,46404
45,25,44878
45,26,44654
45,27,42619
45,28,41573
45,29,42095
45,30,43117
45,31,43354
45,32,44117
45,33,44393
45,34,47025
45,35,48051
45,36,46353
45,37,43151
45,38,39126
45,39,34632
45,40,30986
45,41,28189
45,42,25910
45,43,23401
45,44,21224
45,45,19042
45,46,17038
45,47,15296
46,0,11835
46,1,12439
46,2,11821
46,3,11129
46,4,10867
46,5,10624
46,6,10657
46,7,10725
46,8,11265
46,9,12354
46,10,14486
46,11,17967
46,12,24489
46,13,32786
46,14,42734
46,15,49446
46,16,51381
46,17,48305
46,18,44602
46,19,42876
46,20,42468
46,21,42508
46,22,42323
46,23,42828
46,24,47165
46,25,45663
46,26,45539
46,27,43327
46,28,43663
46,29,44335
46,30,45155
46,31,44724
46,32,45280
46,33,45286
46,34,48586
46,35,48728
46,36,46826
46,37,43148
46,38,39626
46,39,35669
46,40,32444
46,41,29323
46,42,26933
46,43,24089
46,44,22149
46,45,19741
46,46,17450
46,47,15621
47,0,12027
47,1,12505
47,2,12151
47,3,11374
47,4,10916
47,5,10603
47,6,10705
47,7,10818
47,8,11389
47,9,12498
47,10,14706
47,11,18409
47,12,24725
47,13,33140
47,14,43111
47,15,49840
47,16,51486
47,17,48010
47,18,44301
47,19,43181
47,20,43169
47,21,43023
47,22,42545
47,23,43778
47,24,48038
47,25,46406
47,26,46075
47,27,43827
47,28,43046
47,29,43449
47,30,44619
47,31,44889
47,32,46155
47,33,45926
47,34,48738
47,35,49312
47,36,48371
47,37,44985
47,38,41245
47,39,36846
47,40,33295
47,41,30354
47,42,28185
47,43,25570
47,44,23473
47,45,21269
47,46,18973
47,47,16865
48,0,12796
48,1,13152
48,2,12515
48,3,11616
48,4,11207
48,5,10830
48,6,10804
48,7,10743
48,8,10918
48,9,11514
48,10,13113
48,11,15534
48,12,19490
48,13,24053
48,14,29064
48,15,33041
48,16,35850
48,17,37767
48,18,38604
48,19,39680
48,20,40616
48,21,41124
48,22,41643
48,23,42320
48,24,43290
48,25,41969
48,26,41791
48,27,40543
48,28,40339
48,29,40163
48,30,40372
48,31,40858
48,32,41641
48,33,42317
48,34,43439
48,35,42472
48,36,38739
48,37,35514
48,38,32021
48,39,29220
48,40,28343
48,41,26447
48,42,24858
48,43,22734
48,44,21210
48,45,19111
48,46,17284
48,47,15439
49,0,12003
49,1,12279
49,2,11733
49,3,10976
49,4,10401
49,5,10024
49,6,9941
49,7,9929
49,8,9965
49,9,10366
49,10,11425
49,11,13095
49,12,15949
49,13,19006
49,14,22811
49,15,26118
49,16,28838
49,17,31595
49,18,33833
49,19,35978
49,20,37541
49,21,38268
49,22,38796
49,23,39273
49,24,39565
49,25,39427
49,26,38954
49,27,38635
49,28,38843
49,29,38774
49,30,38439
49,31,38739
49,32,39318
49,33,39640
49,34,38909
49,35,36292
49,36,34065
49,37,31543
49,38,29200
49,39,27196
49,40,25522
49,41,23841
49,42,22550
49,43,20792
49,44,19594
49,45,17542
49,46,15676
49,47,14045
50,0,10878
50,1,11579
50,2,10870
50,3,10167
50,4,9789
50,5,9611
50,6,9534
50,7,9739
50,8,10192
50,9,11197
50,10,12786
50,11,15468
50,12,19733
50,13,24580
50,14,29905
50,15,33058
50,16,34327
50,17,35356
50,18,35677
50,19,36881
50,20,38444
50,21,39076
50,22,39492
50,23,39838
50,24,41576
50,25,40885
50,26,40812
50,27,39786
50,28,39558
50,29,39740
50,30,40195
50,31,40556
50,32,41184
50,33,41304
50,34,42271
50,35,40166
50,36,37568
50,37,34262
50,38,31485
50,39,28585
50,40,26435
50,41,23874
50,42,22320
50,43,20543
50,44,19284
50,45,17330
50,46,15805
50,47,14244
51,0,11307
51,1,11810
51,2,11366
51,3,10885
51,4,10645
51,5,10494
51,6,10482
51,7,10604
51,8,11267
51,9,12439
51,10,14549
51,11,18392
51,12,24674
51,13,33660
51,14,43377
51,15,50837
51,16,52143
51,17,48955
51,18,44867
51,19,43094
51,20,42994
51,21,42992
51,22,42833
51,23,43590
51,24,48335
51,25,46673
51,26,46250
51,27,44206
51,28,43321
51,29,43967
51,30,44775
51,31,45228
51,32,45728
51,33,45762
51,34,48644
51,35,48509
51,36,46839
51,37,43635
51,38,40526
51,39,36398
51,40,32854
51,41,29317
51,42,26693
51,43,23432
51,44,21634
51,45,19213
51,46,17186
51,47,15211
52,0,11811
52,1,12528
52,2,11869
52,3,11331
52,4,11166
52,5,10781
52,6,10694
52,7,10773
52,8,11349
52,9,12342
52,10,14646
52,11,18709
52,12,24907
52,13,33456
52,14,43103
52,15,50399
52,16,51688
52,17,48662
52,18,44543
52,19,43331
52,20,43160
52,21,42840
52,22,42993
52,23,43838
52,24,47981
52,25,45944
52,26,45732
52,27,44278
52,28,43258
52,29,43796
52,30,44169
52,31,45046
52,32,45293
52,33,45614
52,34,48755
52,35,49406
52,36,47557
52,37,44133
52,38,40208
52,39,35839
52,40,31961
52,41,29105
52,42,26480
52,43,23544
52,44,21755
52,45,18992
52,46,17311
52,47,15406
53,0,11830
53,1,12330
53,2,11758
53,3,11150
53,4,10907
53,5,10598
53,6,10670
53,7,10904
53,8,11408
53,9,12416
53,10,14796
53,11,18528
53,12,24852
53,13,33633
53,14,43254
53,15,50217
53,16,51694
53,17,49028
53,18,44790
53,19,43501
53,20,42988
53,21,42816
53,22,42953
53,23,43770
53,24,47940
53,25,46237
53,26,46035
53,27,44024
53,28,43062
53,29,43856
53,30,44781
53,31,45357
53,32,45669
53,33,46006
53,34,48457
53,35,47943
53,36,46604
53,37,43363
53,38,39800
53,39,35848
53,40,32115
53,41,28747
53,42,26167
53,43,23162
53,44,21800
53,45,20556
53,46,18303
53,47,16078
54,0,12305
54,1,13024
54,2,12017
54,3,11298
54,4,11384
54,5,10994
54,6,10830
54,7,10999
54,8,11572
54,9,12666
54,10,14866
54,11,18548
54,12,24654
54,13,33282
54,14,42718
54,15,49984
54,16,51376
54,17,48619
54,18,44784
54,19,43473
54,20,43354
54,21,43387
54,22,43687
54,23,43815
54,24,49135
54,25,47334
54,26,47201
54,27,44926
54,28,44341
54,29,44857
54,30,45990
54,31,46257
54,32,46820
54,33,47122
54,34,49988
54,35,50351
54,36,49101
54,37,45482
54,38,41708
54,39,37326
54,40,33499
54,41,30339
54,42,28207
54,43,25296
54,44,23401
54,45,20669
54,46,18814
54,47,16609
55,0,12777
55,1,13323
55,2,12270
55,3,11579
55,4,11153
55,5,10717
55,6,10711
55,7,10731
55,8,11079
55,9,11756
55,10,13155
55,11,15546
55,12,19253
55,13,23826
55,14,29477
55,15,33591
55,16,36676
55,17,38794
55,18,39784
55,19,40930
55,20,41831
55,21,42485
55,22,43203
55,23,43567
55,24,44869
55,25,43429
55,26,42980
55,27,42127
55,28,41383
55,29,41248
55,30,41776
55,31,42069
55,32,43119
55,33,44138
55,34,44882
55,35,42693
55,36,39709
55,37,36355
55,38,33223
55,39,30179
55,40,28249
55,41,26028
55,42,24738
55,43,22676
55,44,21213
55,45,19059
55,46,17247
55,47,15566
56,0,11935
56,1,12362
56,2,11556
56,3,10831
56,4,10538
56,5,9957
56,6,9962
56,7,9645
56,8,9939
56,9,10491
56,10,11690
56,11,13136
56,12,15976
56,13,19267
56,14,23150
56,15,26838
56,16,29990
56,17,33052
56,18,35321
56,19,36934
56,20,38483
56,21,39405
56,22,40421
56,23,40749
56,24,41508
56,25,40617
56,26,40171
56,27,39705
56,28,39836
56,29,40132
56,30,39749
56,31,40958
56,32,41430
56,33,41282
56,34,40658
56,35,37692
56,36,34635
56,37,31959
56,38,29289
56,39,27137
56,40,25019
56,41,23451
56,42,21878
56,43,19766
56,44,18421
56,45,16730
56,46,15251
56,47,13664
57,0,10773
57,1,11468
57,2,10812
57,3,10181
57,4,10102
57,5,9705
57,6,9690
57,7,9797
57,8,10661
57,9,11685
57,10,14042
57,11,18021
57,12,24615
57,13,33402
57,14,43013
57,15,50346
57,16,51717
57,17,48739
57,18,44887
57,19,43759
57,20,43657
57,21,43900
57,22,43990
57,23,44757
57,24,49353
57,25,47508
57,26,47034
57,27,45224
57,28,44209
57,29,44453
57,30,45458
57,31,45924
57,32,45936
57,33,46564
57,34,49098
57,35,49005
57,36,47471
57,37,43882
57,38,40114
57,39,35927
57,40,32255
57,41,28799
57,42,26335
57,43,23575
57,44,21735
57,45,19197
57,46,17231
57,47,15628
58,0,12299
58,1,12642
58,2,12047
58,3,11605
58,4,11388
58,5,10912
58,6,10970
58,7,11173
58,8,11813
58,9,12982
58,10,15198
58,11,18914
58,12,25369
58,13,34246
58,14,44139
58,15,51445
58,16,53264
58,17,50870
58,18,46491
58,19,45355
58,20,44556
58,21,44636
58,22,43926
58,23,44615
58,24,48999
58,25,46993
58,26,46972
58,27,44808
58,28,43550
58,29,44113
58,30,45582
58,31,45939
58,32,46564
58,33,46956
58,34,49207
58,35,49518
58,36,47889
58,37,44437
58,38,40784
58,39,36707
58,40,32741
58,41,29438
58,42,27099
58,43,24906
58,44,22965
58,45,20076
58,46,17883
58,47,16077
59,0,12517
59,1,12508
59,2,11974
59,3,11403
59,4,11062
59,5,10635
59,6,10757
59,7,10750
59,8,11381
59,9,12258
59,10,14596
59,11,18402
59,12,24768
59,13,33677
59,14,43531
59,15,50709
59,16,52033
59,17,49134
59,18,45152
59,19,44226
59,20,43668
59,21,43681
59,22,43691
59,23,44402
59,24,48598
59,25,46814
59,26,46775
59,27,44649
59,28,43727
59,29,44172
59,30,45499
59,31,46084
59,32,46769
59,33,48340
59,34,50757
59,35,50993
59,36,48861
59,37,45335
59,38,41204
59,39,36133
59,40,32251
59,41,29498
59,42,27018
59,43,24302
59,44,22322
59,45,19745
59,46,17808
59,47,15751
60,0,12522
60,1,12788
60,2,12016
60,3,11554
60,4,11316
60,5,11087
60,6,10971
60,7,11231
60,8,11643
60,9,12821
60,10,15089
60,11,18784
60,12,25076
60,13,34293
60,14,44506
60,15,52141
60,16,53645
60,17,50403
60,18,45986
60,19,44845
60,20,44110
60,21,44243
60,22,43838
60,23,44895
60,24,49197
60,25,47132
60,26,47278
60,27,45024
60,28,44122
60,29,44791
60,30,46169
60,31,46323
60,32,46941
60,33,47024
60,34,49530
60,35,49277
60,36,47895
60,37,44682
60,38,40946
60,39,36407
60,40,33066
60,41,29699
60,42,27352
60,43,24296
60,44,22584
60,45,19721
60,46,17443
60,47,15509
61,0,12314
61,1,12594
61,2,12029
61,3,11617
61,4,11337
61,5,11076
61,6,11113
61,7,11203
61,8,11841
61,9,12942
61,10,15112
61,11,18752
61,12,25220
61,13,33953
61,14,44028
61,15,51078
61,16,52802
61,17,50012
61,18,46029
61,19,45044
61,20,44856
61,21,44990
61,22,44837
61,23,45654
61,24,49842
61,25,48226
61,26,48103
61,27,45889
61,28,45445
61,29,46137
61,30,47084
61,31,47470
61,32,48449
61,33,49340
61,34,51862
61,35,51911
61,36,50361
61,37,46720
61,38,42736
61,39,38177
61,40,34365
61,41,31389
61,42,29180
61,43,26012
61,44,24189
61,45,21530
61,46,19437
61,47,17423
62,0,13456
62,1,13534
62,2,12763
62,3,12144
62,4,11547
62,5,11112
62,6,11129
62,7,10931
62,8,11365
62,9,11996
62,10,13342
62,11,15782
62,12,19668
62,13,24482
62,14,29698
62,15,33661
62,16,36775
62,17,39118
62,18,40300
62,19,41594
62,20,42703
62,21,43661
62,22,44468
62,23,45205
62,24,46205
62,25,44610
62,26,44409
62,27,43437
62,28,42916
62,29,42918
62,30,43247
62,31,43209
62,32,43927
62,33,45861
62,34,46073
62,35,43763
62,36,40660
62,37,37706
62,38,34039
62,39,30906
62,40,28450
62,41,26605
62,42,25477
62,43,23287
62,44,21799
62,45,19754
62,46,18098
62,47,16362
63,0,12720
63,1,13029
63,2,12043
63,3,11422
63,4,10794
63,5,10398
63,6,10125
63,7,10047
63,8,10112
63,9,10583
63,10,11662
63,11,13130
63,12,15956
63,13,19218
63,14,23163
63,15,26681
63,16,29761
63,17,32795
63,18,35171
63,19,36970
63,20,38650
63,21,39757
63,22,40740
63,23,41501
63,24,42238
63,25,41612
63,26,40966
63,27,40338
63,28,40171
63,29,40173
63,30,40710
63,31,40920
63,32,41897
63,33,41838
63,34,41188
63,35,38528
63,36,35685
63,37,32642
63,38,29862
63,39,27458
63,40,25986
63,41,23929
63,42,22267
63,43,20528
63,44,20491
63,45,18347
63,46,16427
63,47,14277
64,0,11219
64,1,11702
64,2,11143
64,3,10803
64,4,10497
64,5,10187
64,6,10219
64,7,10427
64,8,11150
64,9,12266
64,10,14494
64,11,18298
64,12,24905
64,13,33692
64,14,43783
64,15,51136
64,16,52326
64,17,49757
64,18,46007
64,19,44602
64,20,44488
64,21,44358
64,22,44253
64,23,45145
64,24,49396
64,25,47616
64,26,47515
64,27,45478
64,28,44677
64,29,45498
64,30,46264
64,31,46529
64,32,47057
64,33,46897
64,34,49514
64,35,49286
64,36,47485
64,37,44180
64,38,40383
64,39,35948
64,40,32003
64,41,28786
64,42,26143
64,43,23727
64,44,22015
64,45,19537
64,46,17572
64,47,16197
65,0,12720
65,1,13025
65,2,12493
65,3,11900
65,4,11523
65,5,11381
65,6,11265
65,7,11657
65,8,12210
65,9,13224
65,10,15444
65,11,19112
65,12,25541
65,13,34718
65,14,44825
65,15,52373
65,16,54190
65,17,51701
65,18,47281
65,19,45409
65,20,45075
65,21,44974
65,22,44650
65,23,45728
65,24,49911
65,25,48061
65,26,47629
65,27,45606
65,28,44346
65,29,45200
65,30,46155
65,31,46525
65,32,47122
65,33,47483
65,34,49700
65,35,49697
65,36,48238
65,37,44768
65,38,41245
65,39,36649
65,40,32733
65,41,29523
65,42,27072
65,43,24343
65,44,22324
65,45,19403
65,46,17509
65,47,15866
66,0,12361
66,1,12959
66,2,12642
66,3,11928
66,4,11514
66,5,11255
66,6,11259
66,7,11351
66,8,11993
66,9,13087
66,10,15323
66,11,19041
66,12,25366
66,13,34449
66,14,44373
66,15,51550
66,16,52973
66,17,50106
66,18,46187
66,19,45211
66,20,44917
66,21,44949
66,22,45011
66,23,45719
66,24,49856
66,25,47986
66,26,47955
66,27,45735
66,28,44747
66,29,45594
66,30,46651
66,31,46884
66,32,47624
66,33,47573
66,34,50083
66,35,50700
66,36,49225
66,37,45368
66,38,40830
66,39,36050
66,40,32371
66,41,29305
66,42,27075
66,43,24121
66,44,22206
66,45,19511
66,46,17450
66,47,15761
67,0,12017
67,1,12545
67,2,11917
67,3,11347
67,4,11049
67,5,10825
67,6,10809
67,7,11118
67,8,11636
67,9,12704
67,10,14685
67,11,18541
67,12,24851
67,13,33630
67,14,43612
67,15,50938
67,16,52121
67,17,49320
67,18,45568
67,19,44278
67,20,44051
67,21,43747
67,22,43949
67,23,45313
67,24,49073
67,25,47375
67,26,47232
67,27,45292
67,28,44288
67,29,44934
67,30,46236
67,31,46486
67,32,47506
67,33,48425
67,34,50803
67,35,50914
67,36,48715
67,37,45198
67,38,41381
67,39,36822
67,40,33461
67,41,29988
67,42,27746
67,43,25299
67,44,22898
67,45,19966
67,46,17780
67,47,15757
68,0,12289
68,1,12797
68,2,12233
68,3,11646
68,4,11380
68,5,11039
68,6,11004
68,7,11135
68,8,11913
68,9,12951
68,10,14918
68,11,18616
68,12,24893
68,13,33680
68,14,43274
68,15,50474
68,16,52052
68,17,50028
68,18,46396
68,19,45228
68,20,45290
68,21,45082
68,22,45648
68,23,45915
68,24,49392
68,25,47767
68,26,47472
68,27,45348
68,28,44457
68,29,45129
68,30,46237
68,31,46694
68,32,47360
68,33,47886
68,34,51224
68,35,51489
68,36,50660
68,37,47043
68,38,42918
68,39,37982
68,40,34412
68,41,31548
68,42,29404
68,43,26884
68,44,24570
68,45,21864
68,46,19762
68,47,17645
69,0,13375
69,1,13604
69,2,13071
69,3,12106
69,4,11723
69,5,11192
69,6,11111
69,7,11004
69,8,11425
69,9,11889
69,10,12958
69,11,15171
69,12,18586
69,13,23009
69,14,27560
69,15,31040
69,16,33651
69,17,36177
69,18,37659
69,19,39144
69,20,40222
69,21,41080
69,22,42543
69,23,42727
69,24,43454
69,25,42288
69,26,41805
69,27,41209
69,28,40859
69,29,40818
69,30,41079
69,31,41832
69,32,42883
69,33,43646
69,34,44323
69,35,43060
69,36,40322
69,37,37300
69,38,34026
69,39,31128
69,40,28874
69,41,27230
69,42,25771
69,43,23607
69,44,23181
69,45,20511
69,46,18799
69,47,16636
70,0,12800
70,1,13101
70,2,12340
70,3,11436
70,4,11223
70,5,10482
70,6,10332
70,7,10372
70,8,10418
70,9,10656
70,10,11565
70,11,12966
70,12,15740
70,13,18902
70,14,22648
70,15,26094
70,16,29239
70,17,32407
70,18,34411
70,19,36688
70,20,38113
70,21,39294
70,22,40633
70,23,41328
70,24,41618
70,25,40644
70,26,40295
70,27,40094
70,28,40007
70,29,40118
70,30,40309
70,31,40557
70,32,42276
70,33,42473
70,34,41358
70,35,37721
70,36,35368
70,37,32615
70,38,29808
70,39,27491
70,40,25523
70,41,24084
70,42,22614
70,43,20535
70,44,19336
70,45,17444
70,46,16025
70,47,14650
71,0,11436
71,1,11829
71,2,11231
71,3,10823
71,4,10555
71,5,10166
71,6,10356
71,7,10620
71,8,11210
71,9,12332
71,10,14613
71,11,18264
71,12,24641
71,13,33939
71,14,43821
71,15,51189
71,16,52834
71,17,49876
71,18,45478
71,19,44434
71,20,44329
71,21,44546
71,22,44804
71,23,45442
71,24,49858
71,25,48220
71,26,47871
71,27,45902
71,28,45108
71,29,45777
71,30,46707
71,31,47058
71,32,47149
71,33,47492
71,34,49714
71,35,49551
71,36,48024
71,37,44363
71,38,40589
71,39,36256
71,40,32544
71,41,29272
71,42,26917
71,43,24094
71,44,22153
71,45,19767
71,46,17573
71,47,15893
72,0,12514
72,1,13114
72,2,12365
72,3,11946
72,4,11625
72,5,11195
72,6,11165
72,7,11505
72,8,11950
72,9,12876
72,10,15101
72,11,18698
72,12,25181
72,13,34076
72,14,43918
72,15,51606
72,16,53811
72,17,51448
72,18,46922
72,19,45336
72,20,44869
72,21,44534
72,22,44621
72,23,45561
72,24,50084
72,25,48260
72,26,47988
72,27,45674
72,28,44615
72,29,45201
72,30,46234
72,31,46821
72,32,47396
72,33,47689
72,34,49481
72,35,49494
72,36,47865
72,37,44303
72,38,40497
72,39,36193
72,40,32794
72,41,29582
72,42,27043
72,43,24254
72,44,22272
72,45,19849
72,46,17903
72,47,16039
73,0,12457
73,1,13100
73,2,12327
73,3,11684
73,4,11321
73,5,11027
73,6,10991
73,7,11123
73,8,11684
73,9,12687
73,10,14692
73,11,18396
73,12,24677
73,13,33386
73,14,43276
73,15,50609
73,16,52265
73,17,49632
73,18,45285
73,19,44361
73,20,44006
73,21,44019
73,22,44547
73,23,44970
73,24,49219
73,25,47216
73,26,47520
73,27,45272
73,28,44220
73,29,45082
73,30,45891
73,31,46096
73,32,46633
73,33,46937
73,34,49271
73,35,49998
73,36,48541
73,37,45045
73,38,40709
73,39,35996
73,40,32309
73,41,29222
73,42,27139
73,43,24088
73,44,22273
73,45,19891
73,46,17998
73,47,16034
74,0,12497
74,1,12891
74,2,12186
74,3,11583
74,4,11332
74,5,11063
74,6,11027
74,7,11307
74,8,11862
74,9,12834
74,10,14827
74,11,18443
74,12,24933
74,13,33721
74,14,43404
74,15,50981
74,16,52567
74,17,49865
74,18,45669
74,19,44230
74,20,44096
74,21,44113
74,22,44322
74,23,44731
74,24,49356
74,25,47473
74,26,47204
74,27,45033
74,28,44139
74,29,44948
74,30,45655
74,31,46344
74,32,46855
74,33,46826
74,34,50075
74,35,49851
74,36,48118
74,37,44076
74,38,40555
74,39,36144
74,40,32788
74,41,29861
74,42,27593
74,43,24408
74,44,22282
74,45,19705
74,46,17828
74,47,15822
